title,description
Book 1,"This is a short description of Book 1. It covers themes of adventure, mystery, and character growth."
Book 2,"This is a short description of Book 2. It covers themes of adventure, mystery, and character growth."
Book 3,"This is a short description of Book 3. It covers themes of adventure, mystery, and character growth."
Book 4,"This is a short description of Book 4. It covers themes of adventure, mystery, and character growth."
Book 5,"This is a short description of Book 5. It covers themes of adventure, mystery, and character growth."
Book 6,"This is a short description of Book 6. It covers themes of adventure, mystery, and character growth."
Book 7,"This is a short description of Book 7. It covers themes of adventure, mystery, and character growth."
Book 8,"This is a short description of Book 8. It covers themes of adventure, mystery, and character growth."
Book 9,"This is a short description of Book 9. It covers themes of adventure, mystery, and character growth."
Book 10,"This is a short description of Book 10. It covers themes of adventure, mystery, and character growth."
Book 11,"This is a short description of Book 11. It covers themes of adventure, mystery, and character growth."
Book 12,"This is a short description of Book 12. It covers themes of adventure, mystery, and character growth."
Book 13,"This is a short description of Book 13. It covers themes of adventure, mystery, and character growth."
Book 14,"This is a short description of Book 14. It covers themes of adventure, mystery, and character growth."
Book 15,"This is a short description of Book 15. It covers themes of adventure, mystery, and character growth."
Book 16,"This is a short description of Book 16. It covers themes of adventure, mystery, and character growth."
Book 17,"This is a short description of Book 17. It covers themes of adventure, mystery, and character growth."
Book 18,"This is a short description of Book 18. It covers themes of adventure, mystery, and character growth."
Book 19,"This is a short description of Book 19. It covers themes of adventure, mystery, and character growth."
Book 20,"This is a short description of Book 20. It covers themes of adventure, mystery, and character growth."
Book 21,"This is a short description of Book 21. It covers themes of adventure, mystery, and character growth."
Book 22,"This is a short description of Book 22. It covers themes of adventure, mystery, and character growth."
Book 23,"This is a short description of Book 23. It covers themes of adventure, mystery, and character growth."
Book 24,"This is a short description of Book 24. It covers themes of adventure, mystery, and character growth."
Book 25,"This is a short description of Book 25. It covers themes of adventure, mystery, and character growth."
Book 26,"This is a short description of Book 26. It covers themes of adventure, mystery, and character growth."
Book 27,"This is a short description of Book 27. It covers themes of adventure, mystery, and character growth."
Book 28,"This is a short description of Book 28. It covers themes of adventure, mystery, and character growth."
Book 29,"This is a short description of Book 29. It covers themes of adventure, mystery, and character growth."
Book 30,"This is a short description of Book 30. It covers themes of adventure, mystery, and character growth."
Book 31,"This is a short description of Book 31. It covers themes of adventure, mystery, and character growth."
Book 32,"This is a short description of Book 32. It covers themes of adventure, mystery, and character growth."
Book 33,"This is a short description of Book 33. It covers themes of adventure, mystery, and character growth."
Book 34,"This is a short description of Book 34. It covers themes of adventure, mystery, and character growth."
Book 35,"This is a short description of Book 35. It covers themes of adventure, mystery, and character growth."
Book 36,"This is a short description of Book 36. It covers themes of adventure, mystery, and character growth."
Book 37,"This is a short description of Book 37. It covers themes of adventure, mystery, and character growth."
Book 38,"This is a short description of Book 38. It covers themes of adventure, mystery, and character growth."
Book 39,"This is a short description of Book 39. It covers themes of adventure, mystery, and character growth."
Book 40,"This is a short description of Book 40. It covers themes of adventure, mystery, and character growth."
Book 41,"This is a short description of Book 41. It covers themes of adventure, mystery, and character growth."
Book 42,"This is a short description of Book 42. It covers themes of adventure, mystery, and character growth."
Book 43,"This is a short description of Book 43. It covers themes of adventure, mystery, and character growth."
Book 44,"This is a short description of Book 44. It covers themes of adventure, mystery, and character growth."
Book 45,"This is a short description of Book 45. It covers themes of adventure, mystery, and character growth."
Book 46,"This is a short description of Book 46. It covers themes of adventure, mystery, and character growth."
Book 47,"This is a short description of Book 47. It covers themes of adventure, mystery, and character growth."
Book 48,"This is a short description of Book 48. It covers themes of adventure, mystery, and character growth."
Book 49,"This is a short description of Book 49. It covers themes of adventure, mystery, and character growth."
Book 50,"This is a short description of Book 50. It covers themes of adventure, mystery, and character growth."
Book 51,"This is a short description of Book 51. It covers themes of adventure, mystery, and character growth."
Book 52,"This is a short description of Book 52. It covers themes of adventure, mystery, and character growth."
Book 53,"This is a short description of Book 53. It covers themes of adventure, mystery, and character growth."
Book 54,"This is a short description of Book 54. It covers themes of adventure, mystery, and character growth."
Book 55,"This is a short description of Book 55. It covers themes of adventure, mystery, and character growth."
Book 56,"This is a short description of Book 56. It covers themes of adventure, mystery, and character growth."
Book 57,"This is a short description of Book 57. It covers themes of adventure, mystery, and character growth."
Book 58,"This is a short description of Book 58. It covers themes of adventure, mystery, and character growth."
Book 59,"This is a short description of Book 59. It covers themes of adventure, mystery, and character growth."
Book 60,"This is a short description of Book 60. It covers themes of adventure, mystery, and character growth."
Book 61,"This is a short description of Book 61. It covers themes of adventure, mystery, and character growth."
Book 62,"This is a short description of Book 62. It covers themes of adventure, mystery, and character growth."
Book 63,"This is a short description of Book 63. It covers themes of adventure, mystery, and character growth."
Book 64,"This is a short description of Book 64. It covers themes of adventure, mystery, and character growth."
Book 65,"This is a short description of Book 65. It covers themes of adventure, mystery, and character growth."
Book 66,"This is a short description of Book 66. It covers themes of adventure, mystery, and character growth."
Book 67,"This is a short description of Book 67. It covers themes of adventure, mystery, and character growth."
Book 68,"This is a short description of Book 68. It covers themes of adventure, mystery, and character growth."
Book 69,"This is a short description of Book 69. It covers themes of adventure, mystery, and character growth."
Book 70,"This is a short description of Book 70. It covers themes of adventure, mystery, and character growth."
Book 71,"This is a short description of Book 71. It covers themes of adventure, mystery, and character growth."
Book 72,"This is a short description of Book 72. It covers themes of adventure, mystery, and character growth."
Book 73,"This is a short description of Book 73. It covers themes of adventure, mystery, and character growth."
Book 74,"This is a short description of Book 74. It covers themes of adventure, mystery, and character growth."
Book 75,"This is a short description of Book 75. It covers themes of adventure, mystery, and character growth."
Book 76,"This is a short description of Book 76. It covers themes of adventure, mystery, and character growth."
Book 77,"This is a short description of Book 77. It covers themes of adventure, mystery, and character growth."
Book 78,"This is a short description of Book 78. It covers themes of adventure, mystery, and character growth."
Book 79,"This is a short description of Book 79. It covers themes of adventure, mystery, and character growth."
Book 80,"This is a short description of Book 80. It covers themes of adventure, mystery, and character growth."
Book 81,"This is a short description of Book 81. It covers themes of adventure, mystery, and character growth."
Book 82,"This is a short description of Book 82. It covers themes of adventure, mystery, and character growth."
Book 83,"This is a short description of Book 83. It covers themes of adventure, mystery, and character growth."
Book 84,"This is a short description of Book 84. It covers themes of adventure, mystery, and character growth."
Book 85,"This is a short description of Book 85. It covers themes of adventure, mystery, and character growth."
Book 86,"This is a short description of Book 86. It covers themes of adventure, mystery, and character growth."
Book 87,"This is a short description of Book 87. It covers themes of adventure, mystery, and character growth."
Book 88,"This is a short description of Book 88. It covers themes of adventure, mystery, and character growth."
Book 89,"This is a short description of Book 89. It covers themes of adventure, mystery, and character growth."
Book 90,"This is a short description of Book 90. It covers themes of adventure, mystery, and character growth."
Book 91,"This is a short description of Book 91. It covers themes of adventure, mystery, and character growth."
Book 92,"This is a short description of Book 92. It covers themes of adventure, mystery, and character growth."
Book 93,"This is a short description of Book 93. It covers themes of adventure, mystery, and character growth."
Book 94,"This is a short description of Book 94. It covers themes of adventure, mystery, and character growth."
Book 95,"This is a short description of Book 95. It covers themes of adventure, mystery, and character growth."
Book 96,"This is a short description of Book 96. It covers themes of adventure, mystery, and character growth."
Book 97,"This is a short description of Book 97. It covers themes of adventure, mystery, and character growth."
Book 98,"This is a short description of Book 98. It covers themes of adventure, mystery, and character growth."
Book 99,"This is a short description of Book 99. It covers themes of adventure, mystery, and character growth."
Book 100,"This is a short description of Book 100. It covers themes of adventure, mystery, and character growth."
